product_id,product_name,category,sub_category,cost_price,retail_price,weight_kg
PROD-1001,Pro Smartphone 5G 256GB,Electronics,Smartphones,350.0,799.0,7.98
PROD-1002,Pro Smartphone 5G 256GB - Pro Edition,Electronics,Smartphones,437.5,1022.72,12.11
PROD-1003,Pro Smartphone 5G 256GB - Plus,Electronics,Smartphones,402.5,942.82,10.66
PROD-1004,Pro Smartphone 5G 256GB - Standard Pack,Electronics,Smartphones,315.0,735.08,2.46
PROD-1005,Pro Smartphone 5G 256GB - Midnight Black,Electronics,Smartphones,350.0,799.0,10.03
PROD-1006,Pro Smartphone 5G 256GB - Space Gray,Electronics,Smartphones,350.0,-799.0,10.54
PROD-1007,Pro Smartphone 5G 256GB - Arctic White,Electronics,Smartphones,350.0,799.0,10.52
PROD-1008,Pro Smartphone 5G 256GB - Special Bundle,Electronics,Smartphones,507.5,1118.6,2.27
PROD-1009,Ultra Flagship Phone 512GB,Electronics,Smartphones,520.0,1199.0,1.33
PROD-1010,Ultra Flagship Phone 512GB - Pro Edition,Electronics,Smartphones,650.0,1534.72,9.24
PROD-1011,Ultra Flagship Phone 512GB - Plus,Electronics,Smartphones,598.0,1414.82,10.24
PROD-1012,Ultra Flagship Phone 512GB - Standard Pack,Electronics,Smartphones,468.0,1103.08,11.71
PROD-1013,Ultra Flagship Phone 512GB - Midnight Black,Electronics,Smartphones,520.0,1199.0,1.44
PROD-1014,Ultra Flagship Phone 512GB - Space Gray,Electronics,Smartphones,520.0,1199.0,0.48
PROD-1015,Ultra Flagship Phone 512GB - Arctic White,Electronics,Smartphones,520.0,1199.0,5.34
PROD-1016,Ultra Flagship Phone 512GB - Special Bundle,Electronics,Smartphones,754.0,1678.6,9.45
PROD-1017,Budget Smartphone 64GB,Electronics,Smartphones,95.0,199.0,5.15
PROD-1018,Budget Smartphone 64GB - Pro Edition,Electronics,Smartphones,118.75,254.72,7.29
PROD-1019,Budget Smartphone 64GB - Plus,Electronics,Smartphones,109.25,234.82,12.02
PROD-1020,Budget Smartphone 64GB - Standard Pack,Electronics,Smartphones,85.5,183.08,7.49
PROD-1021,Budget Smartphone 64GB - Midnight Black,Electronics,Smartphones,95.0,199.0,4.85
PROD-1022,Budget Smartphone 64GB - Space Gray,Electronics,Smartphones,95.0,199.0,6.2
PROD-1023,Budget Smartphone 64GB - Arctic White,Electronics,Smartphones,95.0,199.0,0.94
PROD-1024,Budget Smartphone 64GB - Special Bundle,Electronics,Smartphones,137.75,278.6,2.3
PROD-1025,Foldable Smartphone 256GB,Electronics,Smartphones,680.0,1399.0,4.64
PROD-1026,Foldable Smartphone 256GB - Pro Edition,Electronics,Smartphones,850.0,1790.72,0.82
PROD-1027,Foldable Smartphone 256GB - Plus,Electronics,Smartphones,782.0,1650.82,2.15
PROD-1028,Foldable Smartphone 256GB - Standard Pack,Electronics,Smartphones,612.0,1287.08,1.52
PROD-1029,Foldable Smartphone 256GB - Midnight Black,Electronics,Smartphones,680.0,1399.0,5.73
PROD-1030,Foldable Smartphone 256GB - Space Gray,Electronics,Smartphones,680.0,1399.0,11.54
PROD-1031,Foldable Smartphone 256GB - Arctic White,Electronics,Smartphones,680.0,1399.0,4.53
PROD-1032,Foldable Smartphone 256GB - Special Bundle,Electronics,Smartphones,986.0,1958.6,10.04
PROD-1033,Ultrabook Laptop 14-inch,Electronics,Laptops & Computers,420.0,899.0,11.98
PROD-1034,Ultrabook Laptop 14-inch - Pro Edition,Electronics,Laptops & Computers,525.0,1150.72,5.13
PROD-1035,Ultrabook Laptop 14-inch - Plus,Electronics,Laptops & Computers,483.0,1060.82,2.85
PROD-1036,Ultrabook Laptop 14-inch - Standard Pack,Electronics,Laptops & Computers,378.0,827.08,6.01
PROD-1037,Ultrabook Laptop 14-inch - Midnight Black,Electronics,Laptops & Computers,420.0,899.0,12.05
PROD-1038,Ultrabook Laptop 14-inch - Space Gray,Electronics,Laptops & Computers,420.0,899.0,6.99
PROD-1039,Ultrabook Laptop 14-inch - Arctic White,Electronics,Laptops & Computers,420.0,899.0,5.48
PROD-1040,Ultrabook Laptop 14-inch - Special Bundle,Electronics,Laptops & Computers,609.0,1258.6,9.23
PROD-1041,Pro Gaming Laptop 16-inch,Electronics,Laptops & Computers,780.0,1599.0,6.33
PROD-1042,Pro Gaming Laptop 16-inch - Pro Edition,Electronics,Laptops & Computers,975.0,2046.72,4.15
PROD-1043,Pro Gaming Laptop 16-inch - Plus,Electronics,Laptops & Computers,897.0,1886.82,11.57
PROD-1044,Pro Gaming Laptop 16-inch - Standard Pack,Electronics,Laptops & Computers,702.0,1471.08,1.73
PROD-1045,Pro Gaming Laptop 16-inch - Midnight Black,Electronics,Laptops & Computers,780.0,1599.0,1.71
PROD-1046,Pro Gaming Laptop 16-inch - Space Gray,Electronics,Laptops & Computers,780.0,1599.0,10.24
PROD-1047,Pro Gaming Laptop 16-inch - Arctic White,Electronics,Laptops & Computers,780.0,1599.0,5.95
PROD-1048,Pro Gaming Laptop 16-inch - Special Bundle,Electronics,Laptops & Computers,1131.0,2238.6,3.44
PROD-1049,Compact Desktop Mini PC,Electronics,Laptops & Computers,260.0,549.0,12.18
PROD-1050,Compact Desktop Mini PC - Pro Edition,Electronics,Laptops & Computers,325.0,702.72,6.13
PROD-1051,Compact Desktop Mini PC - Plus,Electronics,Laptops & Computers,299.0,647.82,8.68
PROD-1052,Compact Desktop Mini PC - Standard Pack,Electronics,Laptops & Computers,234.0,505.08,10.75
PROD-1053,Compact Desktop Mini PC - Midnight Black,Electronics,Laptops & Computers,260.0,549.0,10.56
PROD-1054,Compact Desktop Mini PC - Space Gray,Electronics,Laptops & Computers,260.0,549.0,11.39
PROD-1055,Compact Desktop Mini PC - Arctic White,Electronics,Laptops & Computers,260.0,549.0,7.0
PROD-1056,Compact Desktop Mini PC - Special Bundle,Electronics,Laptops & Computers,377.0,768.6,9.16
PROD-1057,4K USB-C Monitor 27-inch,Electronics,Laptops & Computers,160.0,349.0,7.51
PROD-1058,4K USB-C Monitor 27-inch - Pro Edition,Electronics,Laptops & Computers,200.0,446.72,9.02
PROD-1059,4K USB-C Monitor 27-inch - Plus,Electronics,Laptops & Computers,184.0,411.82,7.1
PROD-1060,4K USB-C Monitor 27-inch - Standard Pack,Electronics,Laptops & Computers,144.0,321.08,11.11
PROD-1061,4K USB-C Monitor 27-inch - Midnight Black,Electronics,Laptops & Computers,160.0,349.0,2.79
PROD-1062,4K USB-C Monitor 27-inch - Space Gray,Electronics,Laptops & Computers,160.0,349.0,11.34
PROD-1063,4K USB-C Monitor 27-inch - Arctic White,Electronics,Laptops & Computers,160.0,349.0,1.6
PROD-1064,4K USB-C Monitor 27-inch - Special Bundle,Electronics,Laptops & Computers,232.0,488.6,11.38
PROD-1065,Wireless Noise-Cancelling Headphones,Electronics,Audio & Headphones,85.0,229.0,10.1
PROD-1066,Wireless Noise-Cancelling Headphones - Pro Edition,Electronics,Audio & Headphones,106.25,293.12,0.23
PROD-1067,Wireless Noise-Cancelling Headphones - Plus,Electronics,Audio & Headphones,97.75,270.22,9.09
PROD-1068,Wireless Noise-Cancelling Headphones - Standard Pack,Electronics,Audio & Headphones,76.5,210.68,2.01
PROD-1069,Wireless Noise-Cancelling Headphones - Midnight Black,Electronics,Audio & Headphones,85.0,229.0,4.81
PROD-1070,Wireless Noise-Cancelling Headphones - Space Gray,Electronics,Audio & Headphones,85.0,229.0,2.51
PROD-1071,Wireless Noise-Cancelling Headphones - Arctic White,Electronics,Audio & Headphones,85.0,229.0,7.07
PROD-1072,Wireless Noise-Cancelling Headphones - Special Bundle,Electronics,Audio & Headphones,123.25,320.6,6.21
PROD-1073,True Wireless Earbuds Pro,Electronics,Audio & Headphones,45.0,149.0,7.91
PROD-1074,True Wireless Earbuds Pro - Pro Edition,Electronics,Audio & Headphones,56.25,190.72,10.05
PROD-1075,True Wireless Earbuds Pro - Plus,Electronics,Audio & Headphones,51.75,175.82,10.6
PROD-1076,True Wireless Earbuds Pro - Standard Pack,Electronics,Audio & Headphones,40.5,137.08,12.24
PROD-1077,True Wireless Earbuds Pro - Midnight Black,Electronics,Audio & Headphones,45.0,149.0,5.28
PROD-1078,True Wireless Earbuds Pro - Space Gray,Electronics,Audio & Headphones,45.0,149.0,2.76
PROD-1079,True Wireless Earbuds Pro - Arctic White,Electronics,Audio & Headphones,45.0,149.0,11.57
PROD-1080,True Wireless Earbuds Pro - Special Bundle,Electronics,Audio & Headphones,65.25,208.6,4.35
PROD-1081,Portable Bluetooth Speaker IPX7,Electronics,Audio & Headphones,28.0,79.0,8.49
PROD-1082,Portable Bluetooth Speaker IPX7 - Pro Edition,Electronics,Audio & Headphones,35.0,101.12,3.11
PROD-1083,Portable Bluetooth Speaker IPX7 - Plus,Electronics,Audio & Headphones,32.2,93.22,11.58
PROD-1084,Portable Bluetooth Speaker IPX7 - Standard Pack,Electronics,Audio & Headphones,25.2,72.68,9.31
PROD-1085,Portable Bluetooth Speaker IPX7 - Midnight Black,Electronics,Audio & Headphones,28.0,79.0,1.9
PROD-1086,Portable Bluetooth Speaker IPX7 - Space Gray,Electronics,Audio & Headphones,28.0,79.0,5.1
PROD-1087,Portable Bluetooth Speaker IPX7 - Arctic White,Electronics,Audio & Headphones,28.0,79.0,6.68
PROD-1088,Portable Bluetooth Speaker IPX7 - Special Bundle,Electronics,Audio & Headphones,40.6,110.6,3.95
PROD-1089,Dolby Atmos Soundbar System,Electronics,Audio & Headphones,140.0,329.0,8.06
PROD-1090,Dolby Atmos Soundbar System - Pro Edition,Electronics,Audio & Headphones,175.0,421.12,12.37
PROD-1091,Dolby Atmos Soundbar System - Plus,Electronics,Audio & Headphones,161.0,388.22,1.13
PROD-1092,Dolby Atmos Soundbar System - Standard Pack,Electronics,Audio & Headphones,126.0,302.68,5.11
PROD-1093,Dolby Atmos Soundbar System - Midnight Black,Electronics,Audio & Headphones,140.0,329.0,0.7
PROD-1094,Dolby Atmos Soundbar System - Space Gray,Electronics,Audio & Headphones,140.0,329.0,8.82
PROD-1095,Dolby Atmos Soundbar System - Arctic White,Electronics,Audio & Headphones,140.0,329.0,7.75
PROD-1096,Dolby Atmos Soundbar System - Special Bundle,Electronics,Audio & Headphones,203.0,460.6,2.65
PROD-1097,GPS Smart Fitness Watch,Electronics,Smart Home & Wearables,65.0,179.0,10.91
PROD-1098,GPS Smart Fitness Watch - Pro Edition,Electronics,Smart Home & Wearables,81.25,229.12,7.46
PROD-1099,GPS Smart Fitness Watch - Plus,Electronics,Smart Home & Wearables,74.75,211.22,3.37
PROD-1100,GPS Smart Fitness Watch - Standard Pack,Electronics,Smart Home & Wearables,58.5,164.68,5.12
PROD-1101,GPS Smart Fitness Watch - Midnight Black,Electronics,Smart Home & Wearables,65.0,179.0,11.07
PROD-1102,GPS Smart Fitness Watch - Space Gray,Electronics,Smart Home & Wearables,65.0,179.0,10.84
PROD-1103,GPS Smart Fitness Watch - Arctic White,Electronics,,65.0,179.0,4.65
PROD-1104,GPS Smart Fitness Watch - Special Bundle,Electronics,Smart Home & Wearables,94.25,250.6,2.67
PROD-1105,Smart Video Doorbell HD,Electronics,Smart Home & Wearables,40.0,119.0,2.84
PROD-1106,Smart Video Doorbell HD - Pro Edition,Electronics,Smart Home & Wearables,50.0,152.32,5.46
PROD-1107,Smart Video Doorbell HD - Plus,Electronics,Smart Home & Wearables,46.0,140.42,6.01
PROD-1108,Smart Video Doorbell HD - Standard Pack,Electronics,Smart Home & Wearables,36.0,109.48,12.46
PROD-1109,Smart Video Doorbell HD - Midnight Black,Electronics,Smart Home & Wearables,40.0,119.0,3.78
PROD-1110,Smart Video Doorbell HD - Space Gray,Electronics,Smart Home & Wearables,40.0,119.0,2.43
PROD-1111,Smart Video Doorbell HD - Arctic White,Electronics,Smart Home & Wearables,40.0,119.0,12.17
PROD-1112,Smart Video Doorbell HD - Special Bundle,Electronics,Smart Home & Wearables,58.0,166.6,3.54
PROD-1113,Mesh Wi-Fi 6 Router System,Electronics,Smart Home & Wearables,70.0,189.0,8.81
PROD-1114,Mesh Wi-Fi 6 Router System - Pro Edition,Electronics,Smart Home & Wearables,87.5,241.92,10.74
PROD-1115,Mesh Wi-Fi 6 Router System - Plus,Electronics,Smart Home & Wearables,80.5,223.02,8.65
PROD-1116,Mesh Wi-Fi 6 Router System - Standard Pack,Electronics,Smart Home & Wearables,63.0,173.88,5.73
PROD-1117,Mesh Wi-Fi 6 Router System - Midnight Black,Electronics,Smart Home & Wearables,70.0,189.0,9.4
PROD-1118,Mesh Wi-Fi 6 Router System - Space Gray,Electronics,Smart Home & Wearables,70.0,189.0,4.55
PROD-1119,Mesh Wi-Fi 6 Router System - Arctic White,Electronics,Smart Home & Wearables,70.0,189.0,8.76
PROD-1120,Mesh Wi-Fi 6 Router System - Special Bundle,Electronics,Smart Home & Wearables,101.5,264.6,2.79
PROD-1121,Smart LED Ambient Lighting Kit,Electronics,Smart Home & Wearables,18.0,59.0,8.03
PROD-1122,Smart LED Ambient Lighting Kit - Pro Edition,Electronics,Smart Home & Wearables,22.5,75.52,9.41
PROD-1123,Smart LED Ambient Lighting Kit - Plus,Electronics,Smart Home & Wearables,20.7,69.62,0.66
PROD-1124,Smart LED Ambient Lighting Kit - Standard Pack,Electronics,Smart Home & Wearables,16.2,54.28,5.71
PROD-1125,Smart LED Ambient Lighting Kit - Midnight Black,Electronics,Smart Home & Wearables,18.0,59.0,4.75
PROD-1126,Smart LED Ambient Lighting Kit - Space Gray,Electronics,Smart Home & Wearables,18.0,59.0,7.69
PROD-1127,Smart LED Ambient Lighting Kit - Arctic White,Electronics,Smart Home & Wearables,18.0,59.0,3.69
PROD-1128,Smart LED Ambient Lighting Kit - Special Bundle,Electronics,Smart Home & Wearables,26.1,82.6,6.78
PROD-1129,Fast Wireless Charging Pad 15W,Electronics,Accessories,9.0,29.0,10.48
PROD-1130,Fast Wireless Charging Pad 15W - Pro Edition,Electronics,Accessories,11.25,37.12,10.69
PROD-1131,Fast Wireless Charging Pad 15W - Plus,Electronics,Accessories,10.35,34.22,8.09
PROD-1132,Fast Wireless Charging Pad 15W - Standard Pack,Electronics,Accessories,8.1,26.68,0.36
PROD-1133,Fast Wireless Charging Pad 15W - Midnight Black,Electronics,Accessories,9.0,29.0,12.15
PROD-1134,Fast Wireless Charging Pad 15W - Space Gray,Electronics,Accessories,9.0,29.0,7.29
PROD-1135,Fast Wireless Charging Pad 15W - Arctic White,Electronics,Accessories,9.0,29.0,10.84
PROD-1136,Fast Wireless Charging Pad 15W - Special Bundle,Electronics,Accessories,13.05,40.6,1.33
PROD-1137,USB-C Multiport Hub Adapter,Electronics,Accessories,14.0,45.0,1.63
PROD-1138,USB-C Multiport Hub Adapter - Pro Edition,Electronics,Accessories,17.5,57.6,2.2
PROD-1139,USB-C Multiport Hub Adapter - Plus,Electronics,Accessories,16.1,53.1,11.15
PROD-1140,USB-C Multiport Hub Adapter - Standard Pack,Electronics,Accessories,12.6,41.4,9.61
PROD-1141,USB-C Multiport Hub Adapter - Midnight Black,Electronics,Accessories,14.0,45.0,3.74
PROD-1142,USB-C Multiport Hub Adapter - Space Gray,Electronics,Accessories,14.0,45.0,7.45
PROD-1143,USB-C Multiport Hub Adapter - Arctic White,Electronics,Accessories,14.0,45.0,11.78
PROD-1144,USB-C Multiport Hub Adapter - Special Bundle,Electronics,Accessories,20.3,63.0,0.77
PROD-1145,Ergonomic Wireless Mouse,Electronics,Accessories,16.0,49.0,1.85
PROD-1146,Ergonomic Wireless Mouse - Pro Edition,Electronics,Accessories,20.0,62.72,12.24
PROD-1147,Ergonomic Wireless Mouse - Plus,Electronics,Accessories,18.4,57.82,8.94
PROD-1148,Ergonomic Wireless Mouse - Standard Pack,Electronics,Accessories,14.4,45.08,7.51
PROD-1149,Ergonomic Wireless Mouse - Midnight Black,Electronics,Accessories,16.0,49.0,4.79
PROD-1150,Ergonomic Wireless Mouse - Space Gray,Electronics,Accessories,16.0,49.0,10.72
PROD-1151,Ergonomic Wireless Mouse - Arctic White,Electronics,Accessories,16.0,49.0,9.15
PROD-1152,Ergonomic Wireless Mouse - Special Bundle,Electronics,Accessories,23.2,68.6,5.88
PROD-1153,Mechanical RGB Gaming Keyboard,Electronics,Accessories,38.0,99.0,8.27
PROD-1154,Mechanical RGB Gaming Keyboard - Pro Edition,Electronics,Accessories,47.5,126.72,6.61
PROD-1155,Mechanical RGB Gaming Keyboard - Plus,Electronics,Accessories,43.7,116.82,6.78
PROD-1156,Mechanical RGB Gaming Keyboard - Standard Pack,Electronics,Accessories,34.2,91.08,4.96
PROD-1157,Mechanical RGB Gaming Keyboard - Midnight Black,Electronics,Accessories,38.0,99.0,8.17
PROD-1158,Mechanical RGB Gaming Keyboard - Space Gray,Electronics,Accessories,38.0,99.0,1.43
PROD-1159,Mechanical RGB Gaming Keyboard - Arctic White,Electronics,Accessories,38.0,99.0,2.03
PROD-1160,Mechanical RGB Gaming Keyboard - Special Bundle,Electronics,Accessories,55.1,138.6,10.33
PROD-1161,Premium Oxford Cotton Shirt,Apparel & Fashion,Men Clothing,14.0,48.0,1.1
PROD-1162,Premium Oxford Cotton Shirt - Pro Edition,Apparel & Fashion,Men Clothing,17.5,61.44,10.25
PROD-1163,Premium Oxford Cotton Shirt - Plus,Apparel & Fashion,Men Clothing,16.1,56.64,5.88
PROD-1164,Premium Oxford Cotton Shirt - Standard Pack,Apparel & Fashion,Men Clothing,12.6,44.16,3.55
PROD-1165,Premium Oxford Cotton Shirt - Midnight Black,Apparel & Fashion,Men Clothing,14.0,48.0,11.35
PROD-1166,Premium Oxford Cotton Shirt - Space Gray,Apparel & Fashion,Men Clothing,14.0,48.0,6.0
PROD-1167,Premium Oxford Cotton Shirt - Arctic White,Apparel & Fashion,Men Clothing,14.0,48.0,8.53
PROD-1168,Premium Oxford Cotton Shirt - Special Bundle,Apparel & Fashion,Men Clothing,20.3,67.2,11.6
PROD-1169,Slim-Fit Stretch Denim Jeans,Apparel & Fashion,Men Clothing,18.0,65.0,6.8
PROD-1170,Slim-Fit Stretch Denim Jeans - Pro Edition,Apparel & Fashion,Men Clothing,22.5,83.2,8.29
PROD-1171,Slim-Fit Stretch Denim Jeans - Plus,Apparel & Fashion,Men Clothing,20.7,76.7,7.59
PROD-1172,Slim-Fit Stretch Denim Jeans - Standard Pack,Apparel & Fashion,Men Clothing,16.2,59.8,6.82
PROD-1173,Slim-Fit Stretch Denim Jeans - Midnight Black,Apparel & Fashion,Men Clothing,18.0,65.0,5.19
PROD-1174,Slim-Fit Stretch Denim Jeans - Space Gray,Apparel & Fashion,Men Clothing,18.0,65.0,6.58
PROD-1175,Slim-Fit Stretch Denim Jeans - Arctic White,Apparel & Fashion,Men Clothing,18.0,65.0,3.01
PROD-1176,Slim-Fit Stretch Denim Jeans - Special Bundle,Apparel & Fashion,Men Clothing,26.1,91.0,4.2
PROD-1177,Merino Wool Crewneck Sweater,Apparel & Fashion,Men Clothing,24.0,85.0,3.63
PROD-1178,Merino Wool Crewneck Sweater - Pro Edition,Apparel & Fashion,Men Clothing,30.0,108.8,7.4
PROD-1179,Merino Wool Crewneck Sweater - Plus,Apparel & Fashion,Men Clothing,27.6,100.3,7.51
PROD-1180,Merino Wool Crewneck Sweater - Standard Pack,Apparel & Fashion,Men Clothing,21.6,78.2,11.63
PROD-1181,Merino Wool Crewneck Sweater - Midnight Black,Apparel & Fashion,Men Clothing,24.0,85.0,4.29
PROD-1182,Merino Wool Crewneck Sweater - Space Gray,Apparel & Fashion,Men Clothing,24.0,85.0,10.22
PROD-1183,Merino Wool Crewneck Sweater - Arctic White,Apparel & Fashion,Men Clothing,24.0,85.0,4.29
PROD-1184,Merino Wool Crewneck Sweater - Special Bundle,Apparel & Fashion,Men Clothing,34.8,119.0,9.04
PROD-1185,Waterproof Technical Parka,Apparel & Fashion,Men Clothing,45.0,149.0,2.18
PROD-1186,Waterproof Technical Parka - Pro Edition,Apparel & Fashion,Men Clothing,56.25,190.72,5.13
PROD-1187,Waterproof Technical Parka - Plus,Apparel & Fashion,Men Clothing,51.75,175.82,8.26
PROD-1188,Waterproof Technical Parka - Standard Pack,Apparel & Fashion,Men Clothing,40.5,137.08,11.18
PROD-1189,Waterproof Technical Parka - Midnight Black,Apparel & Fashion,Men Clothing,45.0,149.0,9.81
PROD-1190,Waterproof Technical Parka - Space Gray,Apparel & Fashion,Men Clothing,45.0,149.0,0.69
PROD-1191,Waterproof Technical Parka - Arctic White,Apparel & Fashion,Men Clothing,45.0,149.0,7.73
PROD-1192,Waterproof Technical Parka - Special Bundle,Apparel & Fashion,Men Clothing,65.25,208.6,6.51
PROD-1193,Silk Blend Wrap Midi Dress,Apparel & Fashion,Women Clothing,22.0,89.0,3.9
PROD-1194,Silk Blend Wrap Midi Dress - Pro Edition,Apparel & Fashion,Women Clothing,27.5,113.92,1.1
PROD-1195,Silk Blend Wrap Midi Dress - Plus,Apparel & Fashion,Women Clothing,25.3,105.02,1.78
PROD-1196,Silk Blend Wrap Midi Dress - Standard Pack,Apparel & Fashion,Women Clothing,19.8,81.88,0.57
PROD-1197,Silk Blend Wrap Midi Dress - Midnight Black,Apparel & Fashion,Women Clothing,22.0,89.0,10.99
PROD-1198,Silk Blend Wrap Midi Dress - Space Gray,Apparel & Fashion,Women Clothing,22.0,89.0,4.29
PROD-1199,Silk Blend Wrap Midi Dress - Arctic White,Apparel & Fashion,Women Clothing,22.0,89.0,3.29
PROD-1200,Silk Blend Wrap Midi Dress - Special Bundle,Apparel & Fashion,Women Clothing,31.9,124.6,12.29
PROD-1201,High-Waist Performance Leggings,Apparel & Fashion,Women Clothing,12.0,54.0,8.43
PROD-1202,High-Waist Performance Leggings - Pro Edition,Apparel & Fashion,Women Clothing,15.0,69.12,3.52
PROD-1203,High-Waist Performance Leggings - Plus,Apparel & Fashion,Women Clothing,13.8,63.72,4.0
PROD-1204,High-Waist Performance Leggings - Standard Pack,Apparel & Fashion,Women Clothing,10.8,49.68,10.94
PROD-1205,High-Waist Performance Leggings - Midnight Black,Apparel & Fashion,Women Clothing,12.0,54.0,5.17
PROD-1206,High-Waist Performance Leggings - Space Gray,Apparel & Fashion,Women Clothing,12.0,54.0,6.41
PROD-1207,High-Waist Performance Leggings - Arctic White,Apparel & Fashion,Women Clothing,12.0,54.0,10.11
PROD-1208,High-Waist Performance Leggings - Special Bundle,Apparel & Fashion,Women Clothing,17.4,75.6,0.46
PROD-1209,Tailored Wool Blazer,Apparel & Fashion,Women Clothing,36.0,135.0,11.61
PROD-1210,Tailored Wool Blazer - Pro Edition,Apparel & Fashion,Women Clothing,45.0,172.8,2.08
PROD-1211,Tailored Wool Blazer - Plus,Apparel & Fashion,Women Clothing,41.4,159.3,8.84
PROD-1212,Tailored Wool Blazer - Standard Pack,Apparel & Fashion,Women Clothing,32.4,124.2,9.28
PROD-1213,Tailored Wool Blazer - Midnight Black,Apparel & Fashion,Women Clothing,36.0,135.0,4.71
PROD-1214,Tailored Wool Blazer - Space Gray,Apparel & Fashion,Women Clothing,36.0,135.0,9.28
PROD-1215,Tailored Wool Blazer - Arctic White,Apparel & Fashion,Women Clothing,36.0,135.0,1.31
PROD-1216,Tailored Wool Blazer - Special Bundle,Apparel & Fashion,Women Clothing,52.2,189.0,1.94
PROD-1217,Cashmere Cardigan Sweater,Apparel & Fashion,Women Clothing,38.0,129.0,1.48
PROD-1218,Cashmere Cardigan Sweater - Pro Edition,Apparel & Fashion,Women Clothing,47.5,165.12,2.73
PROD-1219,Cashmere Cardigan Sweater - Plus,Apparel & Fashion,Women Clothing,43.7,152.22,7.05
PROD-1220,Cashmere Cardigan Sweater - Standard Pack,Apparel & Fashion,Women Clothing,34.2,118.68,2.98
PROD-1221,Cashmere Cardigan Sweater - Midnight Black,Apparel & Fashion,Women Clothing,38.0,129.0,0.56
PROD-1222,Cashmere Cardigan Sweater - Space Gray,Apparel & Fashion,Women Clothing,38.0,129.0,4.69
PROD-1223,Cashmere Cardigan Sweater - Arctic White,Apparel & Fashion,Women Clothing,38.0,129.0,4.39
PROD-1224,Cashmere Cardigan Sweater - Special Bundle,Apparel & Fashion,Women Clothing,55.1,180.6,7.11
PROD-1225,Cushioned Road Running Shoes,Apparel & Fashion,Footwear,32.0,120.0,12.38
PROD-1226,Cushioned Road Running Shoes - Pro Edition,Apparel & Fashion,Footwear,40.0,153.6,7.52
PROD-1227,Cushioned Road Running Shoes - Plus,Apparel & Fashion,Footwear,36.8,141.6,10.14
PROD-1228,Cushioned Road Running Shoes - Standard Pack,Apparel & Fashion,Footwear,28.8,110.4,5.24
PROD-1229,Cushioned Road Running Shoes - Midnight Black,Apparel & Fashion,Footwear,32.0,120.0,9.57
PROD-1230,Cushioned Road Running Shoes - Space Gray,Apparel & Fashion,Footwear,32.0,120.0,0.85
PROD-1231,Cushioned Road Running Shoes - Arctic White,Apparel & Fashion,Footwear,32.0,120.0,6.62
PROD-1232,Cushioned Road Running Shoes - Special Bundle,Apparel & Fashion,Footwear,46.4,168.0,10.8
PROD-1233,Classic Leather Dress Loafers,Apparel & Fashion,Footwear,42.0,140.0,9.8
PROD-1234,Classic Leather Dress Loafers - Pro Edition,Apparel & Fashion,Footwear,52.5,179.2,8.07
PROD-1235,Classic Leather Dress Loafers - Plus,Apparel & Fashion,Footwear,48.3,165.2,11.25
PROD-1236,Classic Leather Dress Loafers - Standard Pack,Apparel & Fashion,Footwear,37.8,128.8,1.3
PROD-1237,Classic Leather Dress Loafers - Midnight Black,Apparel & Fashion,Footwear,42.0,140.0,10.46
PROD-1238,Classic Leather Dress Loafers - Space Gray,Apparel & Fashion,Footwear,42.0,140.0,2.35
PROD-1239,Classic Leather Dress Loafers - Arctic White,Apparel & Fashion,Footwear,42.0,140.0,7.13
PROD-1240,Classic Leather Dress Loafers - Special Bundle,Apparel & Fashion,Footwear,60.9,196.0,9.82
PROD-1241,Waterproof Hiking Boots,Apparel & Fashion,Footwear,48.0,160.0,5.51
PROD-1242,Waterproof Hiking Boots - Pro Edition,Apparel & Fashion,Footwear,60.0,204.8,1.3
PROD-1243,Waterproof Hiking Boots - Plus,Apparel & Fashion,Footwear,55.2,188.8,0.25
PROD-1244,Waterproof Hiking Boots - Standard Pack,Apparel & Fashion,Footwear,43.2,147.2,2.66
PROD-1245,Waterproof Hiking Boots - Midnight Black,Apparel & Fashion,Footwear,48.0,160.0,7.99
PROD-1246,Waterproof Hiking Boots - Space Gray,Apparel & Fashion,Footwear,48.0,160.0,1.98
PROD-1247,Waterproof Hiking Boots - Arctic White,Apparel & Fashion,Footwear,48.0,160.0,12.44
PROD-1248,Waterproof Hiking Boots - Special Bundle,Apparel & Fashion,Footwear,69.6,224.0,11.62
PROD-1249,Casual Canvas Low-Top Sneakers,Apparel & Fashion,Footwear,15.0,55.0,9.77
PROD-1250,Casual Canvas Low-Top Sneakers - Pro Edition,Apparel & Fashion,Footwear,18.75,70.4,8.72
PROD-1251,Casual Canvas Low-Top Sneakers - Plus,Apparel & Fashion,Footwear,17.25,64.9,10.57
PROD-1252,Casual Canvas Low-Top Sneakers - Standard Pack,Apparel & Fashion,Footwear,13.5,50.6,11.58
PROD-1253,Casual Canvas Low-Top Sneakers - Midnight Black,Apparel & Fashion,Footwear,15.0,55.0,9.86
PROD-1254,Casual Canvas Low-Top Sneakers - Space Gray,Apparel & Fashion,Footwear,15.0,55.0,1.86
PROD-1255,Casual Canvas Low-Top Sneakers - Arctic White,Apparel & Fashion,Footwear,15.0,55.0,7.25
PROD-1256,Casual Canvas Low-Top Sneakers - Special Bundle,Apparel & Fashion,Footwear,21.75,77.0,5.29
PROD-1257,Top-Grain Leather Crossbody Bag,Apparel & Fashion,Accessories & Bags,35.0,115.0,10.62
PROD-1258,Top-Grain Leather Crossbody Bag - Pro Edition,Apparel & Fashion,Accessories & Bags,43.75,147.2,0.93
PROD-1259,Top-Grain Leather Crossbody Bag - Plus,Apparel & Fashion,Accessories & Bags,40.25,135.7,4.31
PROD-1260,Top-Grain Leather Crossbody Bag - Standard Pack,Apparel & Fashion,Accessories & Bags,31.5,105.8,4.77
PROD-1261,Top-Grain Leather Crossbody Bag - Midnight Black,Apparel & Fashion,Accessories & Bags,35.0,115.0,10.89
PROD-1262,Top-Grain Leather Crossbody Bag - Space Gray,Apparel & Fashion,Accessories & Bags,35.0,115.0,0.23
PROD-1263,Top-Grain Leather Crossbody Bag - Arctic White,Apparel & Fashion,Accessories & Bags,35.0,115.0,7.59
PROD-1264,Top-Grain Leather Crossbody Bag - Special Bundle,Apparel & Fashion,Accessories & Bags,50.75,161.0,10.56
PROD-1265,Polarized Aviator Sunglasses,Apparel & Fashion,Accessories & Bags,16.0,68.0,7.52
PROD-1266,Polarized Aviator Sunglasses - Pro Edition,Apparel & Fashion,Accessories & Bags,20.0,87.04,0.9
PROD-1267,Polarized Aviator Sunglasses - Plus,Apparel & Fashion,Accessories & Bags,18.4,80.24,10.68
PROD-1268,Polarized Aviator Sunglasses - Standard Pack,Apparel & Fashion,Accessories & Bags,14.4,62.56,4.96
PROD-1269,Polarized Aviator Sunglasses - Midnight Black,Apparel & Fashion,Accessories & Bags,16.0,68.0,5.16
PROD-1270,Polarized Aviator Sunglasses - Space Gray,Apparel & Fashion,Accessories & Bags,16.0,68.0,9.14
PROD-1271,Polarized Aviator Sunglasses - Arctic White,Apparel & Fashion,Accessories & Bags,16.0,68.0,1.35
PROD-1272,Polarized Aviator Sunglasses - Special Bundle,Apparel & Fashion,Accessories & Bags,23.2,95.2,4.65
PROD-1273,Automatic Stainless Steel Watch,Apparel & Fashion,Accessories & Bags,60.0,195.0,6.44
PROD-1274,Automatic Stainless Steel Watch - Pro Edition,Apparel & Fashion,,75.0,249.6,3.1
PROD-1275,Automatic Stainless Steel Watch - Plus,Apparel & Fashion,Accessories & Bags,69.0,230.1,11.87
PROD-1276,Automatic Stainless Steel Watch - Standard Pack,Apparel & Fashion,Accessories & Bags,54.0,179.4,6.13
PROD-1277,Automatic Stainless Steel Watch - Midnight Black,Apparel & Fashion,Accessories & Bags,60.0,195.0,8.36
PROD-1278,Automatic Stainless Steel Watch - Space Gray,Apparel & Fashion,Accessories & Bags,60.0,195.0,6.99
PROD-1279,Automatic Stainless Steel Watch - Arctic White,Apparel & Fashion,Accessories & Bags,60.0,195.0,10.73
PROD-1280,Automatic Stainless Steel Watch - Special Bundle,Apparel & Fashion,Accessories & Bags,87.0,273.0,5.4
PROD-1281,Full-Grain Leather Bifold Wallet,Apparel & Fashion,Accessories & Bags,12.0,42.0,0.85
PROD-1282,Full-Grain Leather Bifold Wallet - Pro Edition,Apparel & Fashion,Accessories & Bags,15.0,53.76,12.36
PROD-1283,Full-Grain Leather Bifold Wallet - Plus,Apparel & Fashion,Accessories & Bags,13.8,49.56,0.97
PROD-1284,Full-Grain Leather Bifold Wallet - Standard Pack,Apparel & Fashion,Accessories & Bags,10.8,38.64,2.08
PROD-1285,Full-Grain Leather Bifold Wallet - Midnight Black,Apparel & Fashion,Accessories & Bags,12.0,42.0,9.21
PROD-1286,Full-Grain Leather Bifold Wallet - Space Gray,Apparel & Fashion,Accessories & Bags,12.0,42.0,2.32
PROD-1287,Full-Grain Leather Bifold Wallet - Arctic White,Apparel & Fashion,Accessories & Bags,12.0,42.0,6.66
PROD-1288,Full-Grain Leather Bifold Wallet - Special Bundle,Apparel & Fashion,Accessories & Bags,17.4,58.8,4.36
PROD-1289,10-Piece Tri-Ply Stainless Cookware Set,Home & Kitchen,Kitchenware & Cookware,95.0,289.0,0.59
PROD-1290,10-Piece Tri-Ply Stainless Cookware Set - Pro Edition,Home & Kitchen,Kitchenware & Cookware,118.75,369.92,2.66
PROD-1291,10-Piece Tri-Ply Stainless Cookware Set - Plus,Home & Kitchen,Kitchenware & Cookware,109.25,341.02,7.23
PROD-1292,10-Piece Tri-Ply Stainless Cookware Set - Standard Pack,Home & Kitchen,Kitchenware & Cookware,85.5,265.88,11.04
PROD-1293,10-Piece Tri-Ply Stainless Cookware Set - Midnight Black,Home & Kitchen,Kitchenware & Cookware,95.0,289.0,0.8
PROD-1294,10-Piece Tri-Ply Stainless Cookware Set - Space Gray,Home & Kitchen,Kitchenware & Cookware,95.0,289.0,11.89
PROD-1295,10-Piece Tri-Ply Stainless Cookware Set - Arctic White,Home & Kitchen,Kitchenware & Cookware,95.0,289.0,12.06
PROD-1296,10-Piece Tri-Ply Stainless Cookware Set - Special Bundle,Home & Kitchen,Kitchenware & Cookware,137.75,404.6,11.05
PROD-1297,Enameled Cast Iron Dutch Oven 6Qt,Home & Kitchen,Kitchenware & Cookware,40.0,129.0,2.86
PROD-1298,Enameled Cast Iron Dutch Oven 6Qt - Pro Edition,Home & Kitchen,Kitchenware & Cookware,50.0,165.12,9.98
PROD-1299,Enameled Cast Iron Dutch Oven 6Qt - Plus,Home & Kitchen,Kitchenware & Cookware,46.0,152.22,12.21
PROD-1300,Enameled Cast Iron Dutch Oven 6Qt - Standard Pack,Home & Kitchen,Kitchenware & Cookware,36.0,118.68,6.17
PROD-1301,Enameled Cast Iron Dutch Oven 6Qt - Midnight Black,Home & Kitchen,Kitchenware & Cookware,40.0,129.0,0.88
PROD-1302,Enameled Cast Iron Dutch Oven 6Qt - Space Gray,Home & Kitchen,Kitchenware & Cookware,40.0,129.0,11.26
PROD-1303,Enameled Cast Iron Dutch Oven 6Qt - Arctic White,Home & Kitchen,Kitchenware & Cookware,40.0,129.0,2.73
PROD-1304,Enameled Cast Iron Dutch Oven 6Qt - Special Bundle,Home & Kitchen,Kitchenware & Cookware,58.0,180.6,11.29
PROD-1305,Japanese High-Carbon Chef Knife 8in,Home & Kitchen,Kitchenware & Cookware,25.0,89.0,6.42
PROD-1306,Japanese High-Carbon Chef Knife 8in - Pro Edition,Home & Kitchen,Kitchenware & Cookware,31.25,113.92,4.79
PROD-1307,Japanese High-Carbon Chef Knife 8in - Plus,Home & Kitchen,Kitchenware & Cookware,28.75,105.02,8.61
PROD-1308,Japanese High-Carbon Chef Knife 8in - Standard Pack,Home & Kitchen,Kitchenware & Cookware,22.5,81.88,3.26
PROD-1309,Japanese High-Carbon Chef Knife 8in - Midnight Black,Home & Kitchen,Kitchenware & Cookware,25.0,89.0,12.14
PROD-1310,Japanese High-Carbon Chef Knife 8in - Space Gray,Home & Kitchen,Kitchenware & Cookware,25.0,89.0,1.84
PROD-1311,Japanese High-Carbon Chef Knife 8in - Arctic White,Home & Kitchen,Kitchenware & Cookware,25.0,89.0,9.92
PROD-1312,Japanese High-Carbon Chef Knife 8in - Special Bundle,Home & Kitchen,Kitchenware & Cookware,36.25,124.6,4.52
PROD-1313,Digital Air Fryer Max 6Qt,Home & Kitchen,Kitchenware & Cookware,38.0,119.0,11.87
PROD-1314,Digital Air Fryer Max 6Qt - Pro Edition,Home & Kitchen,Kitchenware & Cookware,47.5,152.32,8.87
PROD-1315,Digital Air Fryer Max 6Qt - Plus,Home & Kitchen,Kitchenware & Cookware,43.7,140.42,0.47
PROD-1316,Digital Air Fryer Max 6Qt - Standard Pack,Home & Kitchen,Kitchenware & Cookware,34.2,109.48,9.43
PROD-1317,Digital Air Fryer Max 6Qt - Midnight Black,Home & Kitchen,Kitchenware & Cookware,38.0,119.0,5.41
PROD-1318,Digital Air Fryer Max 6Qt - Space Gray,Home & Kitchen,Kitchenware & Cookware,38.0,119.0,6.46
PROD-1319,Digital Air Fryer Max 6Qt - Arctic White,Home & Kitchen,Kitchenware & Cookware,38.0,119.0,10.91
PROD-1320,Digital Air Fryer Max 6Qt - Special Bundle,Home & Kitchen,Kitchenware & Cookware,55.1,166.6,1.89
PROD-1321,Barista Espresso Machine Compact,Home & Kitchen,Appliances,140.0,399.0,12.27
PROD-1322,Barista Espresso Machine Compact - Pro Edition,Home & Kitchen,Appliances,175.0,510.72,11.47
PROD-1323,Barista Espresso Machine Compact - Plus,Home & Kitchen,Appliances,161.0,470.82,0.92
PROD-1324,Barista Espresso Machine Compact - Standard Pack,Home & Kitchen,Appliances,126.0,367.08,1.98
PROD-1325,Barista Espresso Machine Compact - Midnight Black,Home & Kitchen,Appliances,140.0,399.0,3.59
PROD-1326,Barista Espresso Machine Compact - Space Gray,Home & Kitchen,Appliances,140.0,399.0,1.28
PROD-1327,Barista Espresso Machine Compact - Arctic White,Home & Kitchen,Appliances,140.0,399.0,4.69
PROD-1328,Barista Espresso Machine Compact - Special Bundle,Home & Kitchen,Appliances,203.0,558.6,5.45
PROD-1329,Precision Variable Temp Electric Kettle,Home & Kitchen,Appliances,22.0,79.0,1.54
PROD-1330,Precision Variable Temp Electric Kettle - Pro Edition,Home & Kitchen,Appliances,27.5,101.12,3.74
PROD-1331,Precision Variable Temp Electric Kettle - Plus,Home & Kitchen,Appliances,25.3,93.22,0.97
PROD-1332,Precision Variable Temp Electric Kettle - Standard Pack,Home & Kitchen,Appliances,19.8,72.68,1.41
PROD-1333,Precision Variable Temp Electric Kettle - Midnight Black,Home & Kitchen,Appliances,22.0,79.0,10.75
PROD-1334,Precision Variable Temp Electric Kettle - Space Gray,Home & Kitchen,Appliances,22.0,79.0,2.11
PROD-1335,Precision Variable Temp Electric Kettle - Arctic White,Home & Kitchen,Appliances,22.0,79.0,7.58
PROD-1336,Precision Variable Temp Electric Kettle - Special Bundle,Home & Kitchen,Appliances,31.9,110.6,0.24
PROD-1337,High-Speed Countertop Blender 1200W,Home & Kitchen,Appliances,45.0,139.0,0.64
PROD-1338,High-Speed Countertop Blender 1200W - Pro Edition,Home & Kitchen,Appliances,56.25,177.92,7.77
PROD-1339,High-Speed Countertop Blender 1200W - Plus,Home & Kitchen,Appliances,51.75,164.02,1.39
PROD-1340,High-Speed Countertop Blender 1200W - Standard Pack,Home & Kitchen,Appliances,40.5,127.88,10.0
PROD-1341,High-Speed Countertop Blender 1200W - Midnight Black,Home & Kitchen,Appliances,45.0,139.0,7.17
PROD-1342,High-Speed Countertop Blender 1200W - Space Gray,Home & Kitchen,Appliances,45.0,139.0,6.83
PROD-1343,High-Speed Countertop Blender 1200W - Arctic White,Home & Kitchen,Appliances,45.0,139.0,5.46
PROD-1344,High-Speed Countertop Blender 1200W - Special Bundle,Home & Kitchen,Appliances,65.25,194.6,3.79
PROD-1345,Robotic Vacuum & Mop Combo,Home & Kitchen,Appliances,160.0,449.0,0.27
PROD-1346,Robotic Vacuum & Mop Combo - Pro Edition,Home & Kitchen,Appliances,200.0,574.72,10.87
PROD-1347,Robotic Vacuum & Mop Combo - Plus,Home & Kitchen,Appliances,184.0,529.82,5.7
PROD-1348,Robotic Vacuum & Mop Combo - Standard Pack,Home & Kitchen,Appliances,144.0,413.08,5.9
PROD-1349,Robotic Vacuum & Mop Combo - Midnight Black,Home & Kitchen,Appliances,160.0,449.0,0.6
PROD-1350,Robotic Vacuum & Mop Combo - Space Gray,Home & Kitchen,Appliances,160.0,449.0,12.45
PROD-1351,Robotic Vacuum & Mop Combo - Arctic White,Home & Kitchen,Appliances,160.0,449.0,5.26
PROD-1352,Robotic Vacuum & Mop Combo - Special Bundle,Home & Kitchen,Appliances,232.0,628.6,4.64
PROD-1353,Ergonomic Mesh Office Chair Pro,Home & Kitchen,Furniture & Decor,85.0,259.0,11.93
PROD-1354,Ergonomic Mesh Office Chair Pro - Pro Edition,Home & Kitchen,Furniture & Decor,106.25,331.52,0.94
PROD-1355,Ergonomic Mesh Office Chair Pro - Plus,Home & Kitchen,Furniture & Decor,97.75,305.62,1.15
PROD-1356,Ergonomic Mesh Office Chair Pro - Standard Pack,Home & Kitchen,Furniture & Decor,76.5,238.28,9.26
PROD-1357,Ergonomic Mesh Office Chair Pro - Midnight Black,Home & Kitchen,Furniture & Decor,85.0,259.0,1.12
PROD-1358,Ergonomic Mesh Office Chair Pro - Space Gray,Home & Kitchen,Furniture & Decor,85.0,259.0,3.56
PROD-1359,Ergonomic Mesh Office Chair Pro - Arctic White,Home & Kitchen,Furniture & Decor,85.0,259.0,6.04
PROD-1360,Ergonomic Mesh Office Chair Pro - Special Bundle,Home & Kitchen,Furniture & Decor,123.25,362.6,4.38
PROD-1361,Adjustable Solid Bamboo Standing Desk,Home & Kitchen,Furniture & Decor,150.0,429.0,2.41
PROD-1362,Adjustable Solid Bamboo Standing Desk - Pro Edition,Home & Kitchen,Furniture & Decor,187.5,549.12,7.17
PROD-1363,Adjustable Solid Bamboo Standing Desk - Plus,Home & Kitchen,Furniture & Decor,172.5,506.22,6.32
PROD-1364,Adjustable Solid Bamboo Standing Desk - Standard Pack,Home & Kitchen,Furniture & Decor,135.0,394.68,2.41
PROD-1365,Adjustable Solid Bamboo Standing Desk - Midnight Black,Home & Kitchen,Furniture & Decor,150.0,429.0,5.96
PROD-1366,Adjustable Solid Bamboo Standing Desk - Space Gray,Home & Kitchen,Furniture & Decor,150.0,429.0,8.43
PROD-1367,Adjustable Solid Bamboo Standing Desk - Arctic White,Home & Kitchen,Furniture & Decor,150.0,429.0,6.55
PROD-1368,Adjustable Solid Bamboo Standing Desk - Special Bundle,Home & Kitchen,Furniture & Decor,217.5,600.6,10.34
PROD-1369,Dimmable Arc Floor Reading Lamp,Home & Kitchen,Furniture & Decor,32.0,99.0,6.43
PROD-1370,Dimmable Arc Floor Reading Lamp - Pro Edition,Home & Kitchen,Furniture & Decor,40.0,126.72,1.77
PROD-1371,Dimmable Arc Floor Reading Lamp - Plus,Home & Kitchen,Furniture & Decor,36.8,116.82,3.68
PROD-1372,Dimmable Arc Floor Reading Lamp - Standard Pack,Home & Kitchen,Furniture & Decor,28.8,91.08,1.58
PROD-1373,Dimmable Arc Floor Reading Lamp - Midnight Black,Home & Kitchen,Furniture & Decor,32.0,99.0,7.22
PROD-1374,Dimmable Arc Floor Reading Lamp - Space Gray,Home & Kitchen,Furniture & Decor,32.0,99.0,7.9
PROD-1375,Dimmable Arc Floor Reading Lamp - Arctic White,Home & Kitchen,Furniture & Decor,32.0,99.0,0.86
PROD-1376,Dimmable Arc Floor Reading Lamp - Special Bundle,Home & Kitchen,Furniture & Decor,46.4,138.6,0.3
PROD-1377,Luxury 800 Thread Count Sheet Set,Home & Kitchen,Furniture & Decor,28.0,95.0,9.61
PROD-1378,Luxury 800 Thread Count Sheet Set - Pro Edition,Home & Kitchen,Furniture & Decor,35.0,121.6,9.26
PROD-1379,Luxury 800 Thread Count Sheet Set - Plus,Home & Kitchen,Furniture & Decor,32.2,112.1,11.37
PROD-1380,Luxury 800 Thread Count Sheet Set - Standard Pack,Home & Kitchen,Furniture & Decor,25.2,87.4,6.84
PROD-1381,Luxury 800 Thread Count Sheet Set - Midnight Black,Home & Kitchen,Furniture & Decor,28.0,95.0,0.97
PROD-1382,Luxury 800 Thread Count Sheet Set - Space Gray,Home & Kitchen,Furniture & Decor,28.0,95.0,11.89
PROD-1383,Luxury 800 Thread Count Sheet Set - Arctic White,Home & Kitchen,Furniture & Decor,28.0,95.0,6.73
PROD-1384,Luxury 800 Thread Count Sheet Set - Special Bundle,Home & Kitchen,Furniture & Decor,40.6,133.0,9.97
PROD-1385,Airtight Food Storage Container Set,Home & Kitchen,Storage & Organization,12.0,39.0,5.91
PROD-1386,Airtight Food Storage Container Set - Pro Edition,Home & Kitchen,Storage & Organization,15.0,49.92,3.35
PROD-1387,Airtight Food Storage Container Set - Plus,Home & Kitchen,Storage & Organization,13.8,46.02,0.9
PROD-1388,Airtight Food Storage Container Set - Standard Pack,Home & Kitchen,Storage & Organization,10.8,35.88,12.25
PROD-1389,Airtight Food Storage Container Set - Midnight Black,Home & Kitchen,Storage & Organization,12.0,39.0,12.18
PROD-1390,Airtight Food Storage Container Set - Space Gray,Home & Kitchen,Storage & Organization,12.0,39.0,1.72
PROD-1391,Airtight Food Storage Container Set - Arctic White,Home & Kitchen,Storage & Organization,12.0,39.0,5.31
PROD-1392,Airtight Food Storage Container Set - Special Bundle,Home & Kitchen,Storage & Organization,17.4,54.6,2.44
PROD-1393,Heavy Duty Wire Shelving Unit 5-Tier,Home & Kitchen,Storage & Organization,34.0,99.0,2.19
PROD-1394,Heavy Duty Wire Shelving Unit 5-Tier - Pro Edition,Home & Kitchen,Storage & Organization,42.5,126.72,9.76
PROD-1395,Heavy Duty Wire Shelving Unit 5-Tier - Plus,Home & Kitchen,Storage & Organization,39.1,116.82,4.58
PROD-1396,Heavy Duty Wire Shelving Unit 5-Tier - Standard Pack,Home & Kitchen,Storage & Organization,30.6,91.08,11.97
PROD-1397,Heavy Duty Wire Shelving Unit 5-Tier - Midnight Black,Home & Kitchen,Storage & Organization,34.0,99.0,11.24
PROD-1398,Heavy Duty Wire Shelving Unit 5-Tier - Space Gray,Home & Kitchen,Storage & Organization,34.0,99.0,5.39
PROD-1399,Heavy Duty Wire Shelving Unit 5-Tier - Arctic White,Home & Kitchen,Storage & Organization,34.0,99.0,7.83
PROD-1400,Heavy Duty Wire Shelving Unit 5-Tier - Special Bundle,Home & Kitchen,Storage & Organization,49.3,138.6,8.92
PROD-1401,Bamboo Expandable Drawer Organizer,Home & Kitchen,Storage & Organization,8.0,25.0,10.63
PROD-1402,Bamboo Expandable Drawer Organizer - Pro Edition,Home & Kitchen,Storage & Organization,10.0,32.0,5.99
PROD-1403,Bamboo Expandable Drawer Organizer - Plus,Home & Kitchen,Storage & Organization,9.2,29.5,9.73
PROD-1404,Bamboo Expandable Drawer Organizer - Standard Pack,Home & Kitchen,Storage & Organization,7.2,23.0,5.23
PROD-1405,Bamboo Expandable Drawer Organizer - Midnight Black,Home & Kitchen,Storage & Organization,8.0,25.0,4.85
PROD-1406,Bamboo Expandable Drawer Organizer - Space Gray,Home & Kitchen,Storage & Organization,8.0,25.0,3.13
PROD-1407,Bamboo Expandable Drawer Organizer - Arctic White,Home & Kitchen,Storage & Organization,8.0,25.0,3.69
PROD-1408,Bamboo Expandable Drawer Organizer - Special Bundle,Home & Kitchen,Storage & Organization,11.6,35.0,9.12
PROD-1409,Closet Organizer System Modular,Home & Kitchen,Storage & Organization,24.0,75.0,4.96
PROD-1410,Closet Organizer System Modular - Pro Edition,Home & Kitchen,Storage & Organization,30.0,96.0,2.98
PROD-1411,Closet Organizer System Modular - Plus,Home & Kitchen,Storage & Organization,27.6,88.5,11.18
PROD-1412,Closet Organizer System Modular - Standard Pack,Home & Kitchen,Storage & Organization,21.6,69.0,6.33
PROD-1413,Closet Organizer System Modular - Midnight Black,Home & Kitchen,Storage & Organization,24.0,75.0,7.43
PROD-1414,Closet Organizer System Modular - Space Gray,Home & Kitchen,Storage & Organization,24.0,75.0,10.59
PROD-1415,Closet Organizer System Modular - Arctic White,Home & Kitchen,Storage & Organization,24.0,75.0,9.52
PROD-1416,Closet Organizer System Modular - Special Bundle,Home & Kitchen,Storage & Organization,34.8,105.0,11.65
PROD-1417,Hydrating Hyaluronic Acid Serum,Beauty & Personal Care,Skincare,8.0,32.0,8.6
PROD-1418,Hydrating Hyaluronic Acid Serum - Pro Edition,Beauty & Personal Care,Skincare,10.0,40.96,9.35
PROD-1419,Hydrating Hyaluronic Acid Serum - Plus,Beauty & Personal Care,Skincare,9.2,37.76,9.85
PROD-1420,Hydrating Hyaluronic Acid Serum - Standard Pack,Beauty & Personal Care,Skincare,7.2,29.44,4.28
PROD-1421,Hydrating Hyaluronic Acid Serum - Midnight Black,Beauty & Personal Care,Skincare,8.0,32.0,9.52
PROD-1422,Hydrating Hyaluronic Acid Serum - Space Gray,Beauty & Personal Care,Skincare,8.0,32.0,1.68
PROD-1423,Hydrating Hyaluronic Acid Serum - Arctic White,Beauty & Personal Care,Skincare,8.0,32.0,10.49
PROD-1424,Hydrating Hyaluronic Acid Serum - Special Bundle,Beauty & Personal Care,Skincare,11.6,44.8,0.83
PROD-1425,Anti-Aging Retinol Night Cream,Beauty & Personal Care,Skincare,12.0,48.0,2.71
PROD-1426,Anti-Aging Retinol Night Cream - Pro Edition,Beauty & Personal Care,Skincare,15.0,61.44,11.51
PROD-1427,Anti-Aging Retinol Night Cream - Plus,Beauty & Personal Care,Skincare,13.8,56.64,1.44
PROD-1428,Anti-Aging Retinol Night Cream - Standard Pack,Beauty & Personal Care,Skincare,10.8,44.16,5.42
PROD-1429,Anti-Aging Retinol Night Cream - Midnight Black,Beauty & Personal Care,Skincare,12.0,48.0,11.34
PROD-1430,Anti-Aging Retinol Night Cream - Space Gray,Beauty & Personal Care,Skincare,12.0,48.0,8.15
PROD-1431,Anti-Aging Retinol Night Cream - Arctic White,Beauty & Personal Care,Skincare,12.0,48.0,1.87
PROD-1432,Anti-Aging Retinol Night Cream - Special Bundle,Beauty & Personal Care,Skincare,17.4,67.2,9.53
PROD-1433,Mineral Broad Spectrum Sunscreen SPF 50,Beauty & Personal Care,Skincare,7.0,26.0,2.71
PROD-1434,Mineral Broad Spectrum Sunscreen SPF 50 - Pro Edition,Beauty & Personal Care,Skincare,8.75,33.28,8.05
PROD-1435,Mineral Broad Spectrum Sunscreen SPF 50 - Plus,Beauty & Personal Care,Skincare,8.05,30.68,8.03
PROD-1436,Mineral Broad Spectrum Sunscreen SPF 50 - Standard Pack,Beauty & Personal Care,Skincare,6.3,23.92,8.0
PROD-1437,Mineral Broad Spectrum Sunscreen SPF 50 - Midnight Black,Beauty & Personal Care,Skincare,7.0,26.0,12.3
PROD-1438,Mineral Broad Spectrum Sunscreen SPF 50 - Space Gray,Beauty & Personal Care,Skincare,7.0,26.0,4.17
PROD-1439,Mineral Broad Spectrum Sunscreen SPF 50 - Arctic White,Beauty & Personal Care,Skincare,7.0,26.0,8.21
PROD-1440,Mineral Broad Spectrum Sunscreen SPF 50 - Special Bundle,Beauty & Personal Care,Skincare,10.15,36.4,12.41
PROD-1441,Gentle Foaming Cleanser 200ml,Beauty & Personal Care,Skincare,6.0,22.0,3.65
PROD-1442,Gentle Foaming Cleanser 200ml - Pro Edition,Beauty & Personal Care,Skincare,7.5,28.16,10.95
PROD-1443,Gentle Foaming Cleanser 200ml - Plus,Beauty & Personal Care,Skincare,6.9,25.96,8.31
PROD-1444,Gentle Foaming Cleanser 200ml - Standard Pack,Beauty & Personal Care,Skincare,5.4,20.24,1.08
PROD-1445,Gentle Foaming Cleanser 200ml - Midnight Black,Beauty & Personal Care,Skincare,6.0,22.0,3.31
PROD-1446,Gentle Foaming Cleanser 200ml - Space Gray,Beauty & Personal Care,Skincare,6.0,22.0,3.53
PROD-1447,Gentle Foaming Cleanser 200ml - Arctic White,Beauty & Personal Care,Skincare,6.0,22.0,11.61
PROD-1448,Gentle Foaming Cleanser 200ml - Special Bundle,Beauty & Personal Care,Skincare,8.7,30.8,0.81
PROD-1449,Ionic Salon Hair Dryer 1875W,Beauty & Personal Care,Haircare,28.0,89.0,4.85
PROD-1450,Ionic Salon Hair Dryer 1875W - Pro Edition,Beauty & Personal Care,Haircare,35.0,113.92,6.56
PROD-1451,Ionic Salon Hair Dryer 1875W - Plus,Beauty & Personal Care,Haircare,32.2,105.02,4.03
PROD-1452,Ionic Salon Hair Dryer 1875W - Standard Pack,Beauty & Personal Care,Haircare,25.2,81.88,3.21
PROD-1453,Ionic Salon Hair Dryer 1875W - Midnight Black,Beauty & Personal Care,Haircare,28.0,89.0,2.07
PROD-1454,Ionic Salon Hair Dryer 1875W - Space Gray,Beauty & Personal Care,Haircare,28.0,89.0,3.13
PROD-1455,Ionic Salon Hair Dryer 1875W - Arctic White,Beauty & Personal Care,Haircare,28.0,89.0,7.74
PROD-1456,Ionic Salon Hair Dryer 1875W - Special Bundle,Beauty & Personal Care,Haircare,40.6,124.6,3.56
PROD-1457,Keratin Protein Repair Hair Mask,Beauty & Personal Care,Haircare,9.0,29.0,4.47
PROD-1458,Keratin Protein Repair Hair Mask - Pro Edition,Beauty & Personal Care,Haircare,11.25,37.12,3.99
PROD-1459,Keratin Protein Repair Hair Mask - Plus,Beauty & Personal Care,Haircare,10.35,34.22,8.74
PROD-1460,Keratin Protein Repair Hair Mask - Standard Pack,Beauty & Personal Care,Haircare,8.1,26.68,11.33
PROD-1461,Keratin Protein Repair Hair Mask - Midnight Black,Beauty & Personal Care,Haircare,9.0,29.0,4.63
PROD-1462,Keratin Protein Repair Hair Mask - Space Gray,Beauty & Personal Care,Haircare,9.0,29.0,6.62
PROD-1463,Keratin Protein Repair Hair Mask - Arctic White,Beauty & Personal Care,Haircare,9.0,29.0,11.29
PROD-1464,Keratin Protein Repair Hair Mask - Special Bundle,Beauty & Personal Care,Haircare,13.05,40.6,5.87
PROD-1465,Ceramic Tourmaline Hair Straightener,Beauty & Personal Care,Haircare,20.0,69.0,2.43
PROD-1466,Ceramic Tourmaline Hair Straightener - Pro Edition,Beauty & Personal Care,Haircare,25.0,88.32,8.57
PROD-1467,Ceramic Tourmaline Hair Straightener - Plus,Beauty & Personal Care,Haircare,23.0,81.42,11.26
PROD-1468,Ceramic Tourmaline Hair Straightener - Standard Pack,Beauty & Personal Care,Haircare,18.0,63.48,7.63
PROD-1469,Ceramic Tourmaline Hair Straightener - Midnight Black,Beauty & Personal Care,Haircare,20.0,69.0,2.74
PROD-1470,Ceramic Tourmaline Hair Straightener - Space Gray,Beauty & Personal Care,Haircare,20.0,69.0,7.58
PROD-1471,Ceramic Tourmaline Hair Straightener - Arctic White,Beauty & Personal Care,Haircare,20.0,69.0,5.31
PROD-1472,Ceramic Tourmaline Hair Straightener - Special Bundle,Beauty & Personal Care,Haircare,29.0,96.6,11.17
PROD-1473,Organic Botanical Argan Oil 100ml,Beauty & Personal Care,Haircare,7.0,24.0,9.9
PROD-1474,Organic Botanical Argan Oil 100ml - Pro Edition,Beauty & Personal Care,Haircare,8.75,30.72,1.01
PROD-1475,Organic Botanical Argan Oil 100ml - Plus,Beauty & Personal Care,Haircare,8.05,28.32,0.3
PROD-1476,Organic Botanical Argan Oil 100ml - Standard Pack,Beauty & Personal Care,Haircare,6.3,22.08,0.71
PROD-1477,Organic Botanical Argan Oil 100ml - Midnight Black,Beauty & Personal Care,Haircare,7.0,24.0,11.36
PROD-1478,Organic Botanical Argan Oil 100ml - Space Gray,Beauty & Personal Care,Haircare,7.0,24.0,1.76
PROD-1479,Organic Botanical Argan Oil 100ml - Arctic White,Beauty & Personal Care,Haircare,7.0,24.0,8.54
PROD-1480,Organic Botanical Argan Oil 100ml - Special Bundle,Beauty & Personal Care,Haircare,10.15,33.6,7.47
PROD-1481,Sonic Electric Toothbrush Smart,Beauty & Personal Care,Personal Care,22.0,79.0,0.93
PROD-1482,Sonic Electric Toothbrush Smart - Pro Edition,Beauty & Personal Care,Personal Care,27.5,101.12,4.28
PROD-1483,Sonic Electric Toothbrush Smart - Plus,Beauty & Personal Care,Personal Care,25.3,93.22,10.31
PROD-1484,Sonic Electric Toothbrush Smart - Standard Pack,Beauty & Personal Care,Personal Care,19.8,72.68,2.68
PROD-1485,Sonic Electric Toothbrush Smart - Midnight Black,Beauty & Personal Care,Personal Care,22.0,79.0,4.49
PROD-1486,Sonic Electric Toothbrush Smart - Space Gray,Beauty & Personal Care,Personal Care,22.0,79.0,11.39
PROD-1487,Sonic Electric Toothbrush Smart - Arctic White,Beauty & Personal Care,Personal Care,22.0,79.0,5.14
PROD-1488,Sonic Electric Toothbrush Smart - Special Bundle,Beauty & Personal Care,Personal Care,31.9,110.6,0.3
PROD-1489,Precision Beard Trimmer Kit,Beauty & Personal Care,Personal Care,16.0,52.0,6.09
PROD-1490,Precision Beard Trimmer Kit - Pro Edition,Beauty & Personal Care,Personal Care,20.0,66.56,2.49
PROD-1491,Precision Beard Trimmer Kit - Plus,Beauty & Personal Care,Personal Care,18.4,61.36,5.15
PROD-1492,Precision Beard Trimmer Kit - Standard Pack,Beauty & Personal Care,Personal Care,14.4,47.84,1.9
PROD-1493,Precision Beard Trimmer Kit - Midnight Black,Beauty & Personal Care,Personal Care,16.0,52.0,2.66
PROD-1494,Precision Beard Trimmer Kit - Space Gray,Beauty & Personal Care,Personal Care,16.0,52.0,1.66
PROD-1495,Precision Beard Trimmer Kit - Arctic White,Beauty & Personal Care,Personal Care,16.0,52.0,11.58
PROD-1496,Precision Beard Trimmer Kit - Special Bundle,Beauty & Personal Care,Personal Care,23.2,72.8,8.6
PROD-1497,Deep Tissue Percussion Massage Gun,Beauty & Personal Care,Personal Care,35.0,119.0,10.35
PROD-1498,Deep Tissue Percussion Massage Gun - Pro Edition,Beauty & Personal Care,Personal Care,43.75,152.32,2.54
PROD-1499,Deep Tissue Percussion Massage Gun - Plus,Beauty & Personal Care,Personal Care,40.25,140.42,6.65
PROD-1500,Deep Tissue Percussion Massage Gun - Standard Pack,Beauty & Personal Care,Personal Care,31.5,109.48,2.58
PROD-1501,Deep Tissue Percussion Massage Gun - Midnight Black,Beauty & Personal Care,Personal Care,35.0,119.0,12.18
PROD-1502,Deep Tissue Percussion Massage Gun - Space Gray,Beauty & Personal Care,Personal Care,35.0,119.0,5.84
PROD-1503,Deep Tissue Percussion Massage Gun - Arctic White,Beauty & Personal Care,Personal Care,35.0,119.0,6.85
PROD-1504,Deep Tissue Percussion Massage Gun - Special Bundle,Beauty & Personal Care,Personal Care,50.75,166.6,5.52
PROD-1505,Aromatherapy Essential Oil Diffuser,Beauty & Personal Care,Personal Care,10.0,35.0,7.86
PROD-1506,Aromatherapy Essential Oil Diffuser - Pro Edition,Beauty & Personal Care,Personal Care,12.5,44.8,5.05
PROD-1507,Aromatherapy Essential Oil Diffuser - Plus,Beauty & Personal Care,Personal Care,11.5,41.3,3.5
PROD-1508,Aromatherapy Essential Oil Diffuser - Standard Pack,Beauty & Personal Care,Personal Care,9.0,32.2,9.96
PROD-1509,Aromatherapy Essential Oil Diffuser - Midnight Black,Beauty & Personal Care,Personal Care,10.0,35.0,7.98
PROD-1510,Aromatherapy Essential Oil Diffuser - Space Gray,Beauty & Personal Care,Personal Care,10.0,35.0,9.19
PROD-1511,Aromatherapy Essential Oil Diffuser - Arctic White,Beauty & Personal Care,Personal Care,10.0,35.0,6.34
PROD-1512,Aromatherapy Essential Oil Diffuser - Special Bundle,Beauty & Personal Care,Personal Care,14.5,49.0,6.52
PROD-1513,Adjustable Quick-Select Dumbbells 50lb,Sports & Outdoors,Fitness & Exercise,110.0,299.0,6.84
PROD-1514,Adjustable Quick-Select Dumbbells 50lb - Pro Edition,Sports & Outdoors,Fitness & Exercise,137.5,382.72,11.53
PROD-1515,Adjustable Quick-Select Dumbbells 50lb - Plus,Sports & Outdoors,Fitness & Exercise,126.5,352.82,8.84
PROD-1516,Adjustable Quick-Select Dumbbells 50lb - Standard Pack,Sports & Outdoors,Fitness & Exercise,99.0,275.08,9.54
PROD-1517,Adjustable Quick-Select Dumbbells 50lb - Midnight Black,Sports & Outdoors,Fitness & Exercise,110.0,299.0,5.57
PROD-1518,Adjustable Quick-Select Dumbbells 50lb - Space Gray,Sports & Outdoors,Fitness & Exercise,110.0,299.0,3.76
PROD-1519,Adjustable Quick-Select Dumbbells 50lb - Arctic White,Sports & Outdoors,Fitness & Exercise,110.0,299.0,10.87
PROD-1520,Adjustable Quick-Select Dumbbells 50lb - Special Bundle,Sports & Outdoors,Fitness & Exercise,159.5,418.6,4.54
PROD-1521,High-Density Non-Slip Yoga Mat,Sports & Outdoors,Fitness & Exercise,12.0,42.0,12.01
PROD-1522,High-Density Non-Slip Yoga Mat - Pro Edition,Sports & Outdoors,Fitness & Exercise,15.0,53.76,10.46
PROD-1523,High-Density Non-Slip Yoga Mat - Plus,Sports & Outdoors,Fitness & Exercise,13.8,49.56,12.07
PROD-1524,High-Density Non-Slip Yoga Mat - Standard Pack,Sports & Outdoors,Fitness & Exercise,10.8,38.64,9.59
PROD-1525,High-Density Non-Slip Yoga Mat - Midnight Black,Sports & Outdoors,Fitness & Exercise,12.0,42.0,4.12
PROD-1526,High-Density Non-Slip Yoga Mat - Space Gray,Sports & Outdoors,Fitness & Exercise,12.0,42.0,0.5
PROD-1527,High-Density Non-Slip Yoga Mat - Arctic White,Sports & Outdoors,Fitness & Exercise,12.0,42.0,10.86
PROD-1528,High-Density Non-Slip Yoga Mat - Special Bundle,Sports & Outdoors,Fitness & Exercise,17.4,58.8,7.26
PROD-1529,Resistance Loop Bands Set of 5,Sports & Outdoors,Fitness & Exercise,5.0,20.0,11.54
PROD-1530,Resistance Loop Bands Set of 5 - Pro Edition,Sports & Outdoors,Fitness & Exercise,6.25,25.6,6.02
PROD-1531,Resistance Loop Bands Set of 5 - Plus,Sports & Outdoors,Fitness & Exercise,5.75,23.6,8.33
PROD-1532,Resistance Loop Bands Set of 5 - Standard Pack,Sports & Outdoors,Fitness & Exercise,4.5,18.4,6.55
PROD-1533,Resistance Loop Bands Set of 5 - Midnight Black,Sports & Outdoors,Fitness & Exercise,5.0,20.0,2.61
PROD-1534,Resistance Loop Bands Set of 5 - Space Gray,Sports & Outdoors,Fitness & Exercise,5.0,20.0,1.8
PROD-1535,Resistance Loop Bands Set of 5 - Arctic White,Sports & Outdoors,Fitness & Exercise,5.0,20.0,10.5
PROD-1536,Resistance Loop Bands Set of 5 - Special Bundle,Sports & Outdoors,Fitness & Exercise,7.25,28.0,11.51
PROD-1537,Foldable Magnetic Rowing Machine,Sports & Outdoors,Fitness & Exercise,160.0,469.0,7.92
PROD-1538,Foldable Magnetic Rowing Machine - Pro Edition,Sports & Outdoors,Fitness & Exercise,200.0,600.32,2.58
PROD-1539,Foldable Magnetic Rowing Machine - Plus,Sports & Outdoors,Fitness & Exercise,184.0,553.42,1.7
PROD-1540,Foldable Magnetic Rowing Machine - Standard Pack,Sports & Outdoors,Fitness & Exercise,144.0,431.48,6.63
PROD-1541,Foldable Magnetic Rowing Machine - Midnight Black,Sports & Outdoors,Fitness & Exercise,160.0,469.0,5.9
PROD-1542,Foldable Magnetic Rowing Machine - Space Gray,Sports & Outdoors,Fitness & Exercise,160.0,469.0,12.0
PROD-1543,Foldable Magnetic Rowing Machine - Arctic White,Sports & Outdoors,Fitness & Exercise,160.0,469.0,3.76
PROD-1544,Foldable Magnetic Rowing Machine - Special Bundle,Sports & Outdoors,Fitness & Exercise,232.0,656.6,6.71
PROD-1545,Ultralight 2-Person Backpacking Tent,Sports & Outdoors,Outdoor Recreation,55.0,179.0,4.99
PROD-1546,Ultralight 2-Person Backpacking Tent - Pro Edition,Sports & Outdoors,Outdoor Recreation,68.75,229.12,8.62
PROD-1547,Ultralight 2-Person Backpacking Tent - Plus,Sports & Outdoors,Outdoor Recreation,63.25,211.22,12.4
PROD-1548,Ultralight 2-Person Backpacking Tent - Standard Pack,Sports & Outdoors,Outdoor Recreation,49.5,164.68,4.06
PROD-1549,Ultralight 2-Person Backpacking Tent - Midnight Black,Sports & Outdoors,Outdoor Recreation,55.0,179.0,10.71
PROD-1550,Ultralight 2-Person Backpacking Tent - Space Gray,Sports & Outdoors,Outdoor Recreation,55.0,179.0,3.78
PROD-1551,Insulated Down Sleeping Bag 20F,Sports & Outdoors,Outdoor Recreation,42.0,139.0,12.21
PROD-1552,Double Hammock with Tree Straps,Sports & Outdoors,Outdoor Recreation,14.0,45.0,10.07
PROD-1553,Trekking Poles Carbon Fiber Pair,Sports & Outdoors,Outdoor Recreation,18.0,59.0,8.48
